5.54466636925,4.41115711405,1,0,0
5.15301100396,5.17103200287,1,0,0
5.53067844131,5.02011599736,1,0,0
6.08135439573,4.1289856358,1,0,0
3.75162283214,4.81309141901,1,0,0
4.17746765479,4.27247547589,1,0,0
5.49337748055,3.25837621288,1,0,0
4.75350744385,5.2873071068,1,0,0
5.01699178159,4.48643196611,1,0,0
7.05828362895,7.1032568622,1,0,0
7.58743812324,4.42621970359,1,0,0
6.0639584575,4.51847474072,1,0,0
2.46044161326,5.67586906668,1,0,0
5.57413545368,4.14125915639,1,0,0
5.85028468166,4.5958092318,1,0,0
4.26571170714,5.10630302729,1,0,0
5.6546469988,4.99273469118,1,0,0
6.47428077007,4.74867600639,1,0,0
4.17776811112,5.53081967892,1,0,0
5.26518680697,5.07465146854,1,0,0
4.9272113239,5.00055044103,1,0,0
4.82516841387,4.23168180195,1,0,0
3.27163975005,5.31988107426,1,0,0
4.30740074643,6.2206919125,1,0,0
5.92022878802,6.42903502037,1,0,0
5.17533293207,6.45054271223,1,0,0
3.76293044868,3.29913009346,1,0,0
3.83547647727,4.37010515205,1,0,0
6.62968599656,4.88147932746,1,0,0
5.69691248997,4.99334453208,1,0,0
7.69772064199,4.56112339545,1,0,0
5.19939789423,2.72915766973,1,0,0
4.80815513617,3.94258748534,1,0,0
6.6163671959,4.47233917202,1,0,0
5.40911410109,4.49550925969,1,0,0
5.44066144567,5.17118625767,1,0,0
5.19774794581,4.35102405192,1,0,0
5.37732552055,4.9740205377,1,0,0
6.94492356702,4.96106595529,1,0,0
5.51946563953,4.88556872705,1,0,0
3.51085916294,5.08540143223,1,0,0
4.75302595476,4.12274564643,1,0,0
5.04220328524,4.24937291385,1,0,0
3.78921601557,5.6281637795,1,0,0
3.31444777016,4.84400867466,1,0,0
5.00753355394,4.62407312548,1,0,0
5.07830794912,4.95672347877,1,0,0
6.28190179025,3.21415291031,1,0,0
5.26707683707,4.31484712863,1,0,0
2.4883959011,4.08093302845,1,0,0
4.7540937432,5.61580928073,1,0,0
6.15619753609,4.57551089222,1,0,0
5.57608313208,6.25262196015,1,0,0
6.57252052237,5.3139096901,1,0,0
6.1069414285,5.66843936813,1,0,0
5.33662076974,3.26326231276,1,0,0
6.02758444471,4.18677321885,1,0,0
5.51800665366,4.48240986229,1,0,0
3.51360727512,6.48752540009,1,0,0
4.9670182007,5.92542088561,1,0,0
4.30779338663,5.1684087429,1,0,0
5.04363947792,4.25129794725,1,0,0
5.04930375017,5.91956706602,1,0,0
3.80776578061,5.34763360212,1,0,0
4.93166773401,4.67042001707,1,0,0
4.31974027929,4.39551595205,1,0,0
4.17731939985,3.80268180808,1,0,0
4.80114510565,3.42509859824,1,0,0
5.76817371518,5.57412921886,1,0,0
4.89424764211,5.38584398443,1,0,0
5.81983437704,8.22656785489,1,0,0
5.67722188977,5.74046164644,1,0,0
5.90339302984,4.22552596956,1,0,0
4.89983382812,6.07679589879,1,0,0
4.66925899469,4.91714656689,1,0,0
4.69942757291,4.19257954026,1,0,0
3.81388227428,3.12759904499,1,0,0
5.28654240319,4.76076694872,1,0,0
4.65192405811,5.07653296853,1,0,0
4.90217744839,4.07416650405,1,0,0
4.85838312654,3.48826935392,1,0,0
6.81080114098,4.25142074354,1,0,0
4.93653587699,5.18848329614,1,0,0
5.3947902045,5.32251478007,1,0,0
5.12687554222,4.87228063982,1,0,0
5.75667827803,7.15965651207,1,0,0
2.35633202161,4.98941872158,1,0,0
5.69501715189,4.47668075181,1,0,0
5.75764048506,5.40116062705,1,0,0
4.27307005175,3.9985512331,1,0,0
5.34008430446,5.16475540786,1,0,0
4.31158577918,5.10077440468,1,0,0
5.49445386612,6.17251697303,1,0,0
4.75816842512,4.93303162513,1,0,0
4.58110952643,4.58295387707,1,0,0
5.67714147933,6.66487607057,1,0,0
5.53499370134,5.14753764573,1,0,0
4.59595287201,6.09655638417,1,0,0
3.80157822755,3.50829159644,1,0,0
6.20934665698,6.36338034657,1,0,0
4.6706949367,5.9937620242,1,0,0
4.2691935718,4.77083705604,1,0,0
6.20582932441,4.96042906538,1,0,0
4.81099014842,6.143184525,1,0,0
5.2186599573,4.30916093736,1,0,0
5.66801752156,5.09163391975,1,0,0
4.4540646347,4.2915317675,1,0,0
5.50315432784,5.12937058344,1,0,0
4.08467236218,2.66993907074,1,0,0
5.26215474553,3.9057908321,1,0,0
3.08215874334,4.2178486924,1,0,0
4.62547811315,4.03368421814,1,0,0
4.03696137981,6.44593091769,1,0,0
5.32990478557,5.17754677763,1,0,0
5.69640494859,4.52106017616,1,0,0
4.55264711945,4.89933315536,1,0,0
6.14422791332,3.75936172983,1,0,0
4.64755758761,6.38614929804,1,0,0
4.07678835396,4.97172199298,1,0,0
5.19625538965,5.33235207317,1,0,0
5.47657339493,4.49774364851,1,0,0
3.8270207901,6.7834120007,1,0,0
6.31834254773,5.14156892607,1,0,0
4.91495531801,4.34798494504,1,0,0
5.589639836,5.20267883612,1,0,0
4.9103651313,4.35311625949,1,0,0
6.14645417633,4.14589370975,1,0,0
5.10290147983,3.27497134017,1,0,0
5.83464439927,5.54667242147,1,0,0
4.16346017827,6.00767837881,1,0,0
4.29364125138,4.73800797207,1,0,0
5.78081921348,4.40952194187,1,0,0
6.87457527989,4.81906336943,1,0,0
4.77416065754,4.14831872934,1,0,0
4.94818493144,5.47669529978,1,0,0
6.60086460766,6.0345799603,1,0,0
4.13268106116,4.96601246399,1,0,0
5.19014693333,5.08572149863,1,0,0
5.10792935812,5.62258808589,1,0,0
3.81271443707,6.13558622172,1,0,0
5.18712146804,3.18081289064,1,0,0
5.14117783493,3.45346700721,1,0,0
3.37359772917,4.3492084591,1,0,0
5.2467704844,5.14371073191,1,0,0
5.87196597301,6.71860753754,1,0,0
4.88716336307,5.94303487624,1,0,0
5.11000277404,4.7335926966,1,0,0
7.52449662285,3.73937759958,1,0,0
3.30272366359,5.61699821677,1,0,0
5.28807114135,6.44527972956,1,0,0
5.43291194995,5.30003328212,1,0,0
4.33581395798,5.64527474716,1,0,0
5.70660348629,2.81801057316,1,0,0
5.74553595452,6.65629137783,1,0,0
7.03174008791,6.24322558216,1,0,0
5.8346957931,4.98154414486,1,0,0
5.19040889113,4.10335967059,1,0,0
4.83531142391,5.11996512035,1,0,0
5.1918172524,6.34121298406,1,0,0
3.96226526023,3.95280300816,1,0,0
5.89155625624,7.20923086808,1,0,0
5.19950428013,4.74443525593,1,0,0
6.2409425368,6.80415278403,1,0,0
4.6547664077,5.20541803212,1,0,0
4.49707227621,3.93458993128,1,0,0
5.24871934471,2.83703828088,1,0,0
5.04354940915,4.81092090541,1,0,0
3.73273501503,5.83550898635,1,0,0
4.69037898008,5.44229192782,1,0,0
5.11687981457,5.82099747484,1,0,0
4.37872903639,5.47147655026,1,0,0
6.00367154821,4.07446439384,1,0,0
5.61724858872,5.55561327015,1,0,0
6.55885189433,4.9357330891,1,0,0
5.53136070425,4.77339217909,1,0,0
5.49600364519,4.24179202428,1,0,0
6.13308790305,5.98457318588,1,0,0
5.12111532275,6.78661079784,1,0,0
4.08025902038,4.48655944983,1,0,0
5.02936405272,4.89893742114,1,0,0
6.47166826031,7.08988376096,1,0,0
6.37109573436,4.52235175014,1,0,0
6.9113766873,6.30646739294,1,0,0
7.12463919689,3.44924665421,1,0,0
4.81180379463,4.76025193369,1,0,0
5.29686274229,4.85979549685,1,0,0
5.23739803732,4.89187312138,1,0,0
6.98860824141,2.85961148269,1,0,0
5.73766921772,6.06588061381,1,0,0
5.07885948421,6.23892321155,1,0,0
3.29300704214,5.64436984127,1,0,0
3.68326664136,4.38844028317,1,0,0
5.01558312538,6.20481946312,1,0,0
5.5025531205,5.43331626602,1,0,0
4.59488979353,4.85583657549,1,0,0
4.60668117722,5.08910935915,1,0,0
4.48643482534,6.2113954393,1,0,0
4.22868204309,6.06918849327,1,0,0
4.09081065964,5.14897403816,1,0,0
6.11365895569,5.34129485651,1,0,0
4.20924297292,5.34810407381,1,0,0
6.14513603497,5.72090519119,1,0,0
5.74566180542,3.19855577407,1,0,0
4.14862837827,5.98942101012,1,0,0
6.41844232384,5.61422720393,1,0,0
5.24849347752,5.55366567086,1,0,0
4.28908789714,4.5585991396,1,0,0
4.91117505135,5.0857145848,1,0,0
4.07137101566,6.77015122769,1,0,0
3.17526785707,5.31248477061,1,0,0
6.3747725021,3.77378262944,1,0,0
4.29722437252,5.16859543297,1,0,0
6.16682611879,5.92312582581,1,0,0
4.68607657803,4.78228626772,1,0,0
5.30855673727,5.14520195817,1,0,0
5.50255867948,6.47198264027,1,0,0
4.62469389474,5.92432595469,1,0,0
4.59595932051,6.43488929984,1,0,0
3.8379551062,3.08821872506,1,0,0
4.20351863178,5.21201160899,1,0,0
4.16031970166,4.38158561574,1,0,0
4.82172261997,4.68682370391,1,0,0
5.8787357597,5.99567371556,1,0,0
5.23603199989,3.89380267744,1,0,0
6.14596155426,5.36775625811,1,0,0
5.298633619,6.32467141086,1,0,0
2.81888349252,4.51513326057,1,0,0
3.95301206045,4.88996996779,1,0,0
3.81247903052,6.78944303384,1,0,0
5.53892577526,5.34021767722,1,0,0
4.56049014093,4.93810545498,1,0,0
3.37740656094,6.29819609009,1,0,0
3.74543523076,4.60329403472,1,0,0
3.57070364921,4.13734494035,1,0,0
2.59732708677,4.19979013273,1,0,0
4.48525244217,3.79853145757,1,0,0
6.30441856606,5.41010099212,1,0,0
5.30369658762,4.79958015913,1,0,0
4.80551166884,3.96693633588,1,0,0
4.36236967039,4.45848708389,1,0,0
5.04602749125,4.90911152688,1,0,0
5.0670406801,4.87739269815,1,0,0
5.49030733641,5.15808060508,1,0,0
6.74605481777,5.29877589018,1,0,0
4.65709034493,2.92247241635,1,0,0
3.85223073126,3.40064239589,1,0,0
3.06363323463,5.74135465502,1,0,0
5.41051142466,6.82570726226,1,0,0
3.57325273761,5.18008587514,1,0,0
6.11738164889,4.65846955751,1,0,0
3.01822208716,6.49955281781,1,0,0
5.67610169573,4.82186466368,1,0,0
4.47111231845,3.78220645292,1,0,0
6.57876064285,4.87650512467,1,0,0
4.99575227024,4.92016655322,1,0,0
5.23177660981,5.55861500597,1,0,0
6.43077073079,5.10567393983,1,0,0
6.19126042076,4.07938072123,1,0,0
4.84092781777,3.94400289442,1,0,0
5.00790675437,6.18974755502,1,0,0
4.61271135232,5.70750287971,1,0,0
3.47799275117,4.64089867349,1,0,0
5.06715563342,2.48418497856,1,0,0
4.29367109379,4.09615587972,1,0,0
5.1003158119,2.45964589576,1,0,0
4.29894465882,4.05275079472,1,0,0
5.42983860187,5.62729141853,1,0,0
5.82713108377,5.82891957272,1,0,0
3.30726000235,5.79918191442,1,0,0
2.9048749722,4.87117430467,1,0,0
4.05501437485,3.57048022386,1,0,0
4.368400385,4.55522994351,1,0,0
4.66757778282,6.38710757279,1,0,0
5.45160923865,5.21271699322,1,0,0
5.6094587404,5.68282536857,1,0,0
4.83511825075,4.25142567562,1,0,0
4.99633777009,6.52307128231,1,0,0
4.72940436428,4.32793478649,1,0,0
5.73213435957,4.64043997706,1,0,0
3.82578517005,4.9333942896,1,0,0
5.12534320445,5.56359433589,1,0,0
6.27461585513,3.13874892576,1,0,0
4.00976205661,7.30805553424,1,0,0
5.81693170853,2.58839633674,1,0,0
3.81441893634,3.08569333954,1,0,0
5.28316021631,5.33918493948,1,0,0
5.38014900521,4.94596691106,1,0,0
4.44542612096,4.2882079083,1,0,0
5.62165043468,5.88467692373,1,0,0
6.67301030099,4.85685357733,1,0,0
6.33045171933,4.83848026725,1,0,0
4.72487440306,5.01128280648,1,0,0
5.1967328172,4.95997966804,1,0,0
4.25597941685,5.39206026316,1,0,0
6.28373949845,4.12866536643,1,0,0
4.37218418234,3.52487841966,1,0,0
4.14590586088,4.36578917953,1,0,0
4.37881338036,5.59131757806,1,0,0
5.33428700091,5.35932054791,1,0,0
4.95262342331,5.06087182655,1,0,0
4.24140274953,5.33625759281,1,0,0
4.83821629045,5.60149623532,1,0,0
4.01121930752,5.16870975505,1,0,0
4.76317523124,6.27458473076,1,0,0
4.33694994962,5.26673488618,1,0,0
5.73805172133,4.96859979631,1,0,0
2.59825341335,4.25252985655,1,0,0
5.21666574054,5.61051638729,1,0,0
4.45551227513,4.63342307622,1,0,0
5.09729624842,5.8436251278,1,0,0
5.98012702444,5.83072255072,1,0,0
3.75659713837,3.80618760472,1,0,0
4.43479890272,4.66772398435,1,0,0
4.6662935979,4.59100848375,1,0,0
4.29794092239,5.64057692676,1,0,0
4.48724408029,4.39178116339,1,0,0
5.4728941383,5.89341590093,1,0,0
3.81071183905,7.38490401121,1,0,0
5.02375925447,4.68162716713,1,0,0
2.80602968781,4.97068370402,1,0,0
6.82644166969,5.2743793341,1,0,0
5.32460685899,5.08026901055,1,0,0
2.95349209753,6.21164332487,1,0,0
6.86653013378,4.71161506292,1,0,0
5.00929655561,6.281772381,1,0,0
4.05856914847,4.94171171652,1,0,0
6.77111609145,5.9214076454,1,0,0
5.43802046798,6.59220159792,1,0,0
4.12192467455,2.47452521683,1,0,0
6.23749127759,3.89817874666,1,0,0
5.26641007518,5.80416355549,1,0,0
6.15858106617,3.8494789873,1,0,0
5.15583613295,7.00660142878,1,0,0
5.99687536687,5.9588252896,1,0,0
4.98772199092,4.1600315087,1,0,0
6.08089699041,6.35889689991,1,0,0
3.62611717939,5.17994853644,1,0,0
5.26521227208,5.63667102976,1,0,0
4.27425476727,6.52632549589,1,0,0
5.40104137422,5.61408817469,1,0,0
4.38626044205,4.20711454448,1,0,0
4.69198094228,4.01494699807,1,0,0
4.49297490763,4.51573659299,1,0,0
4.57727206435,6.19038587639,1,0,0
4.41580674593,4.98868935898,1,0,0
5.70050101642,6.0301071309,1,0,0
5.51696470507,2.5346435145,1,0,0
3.46222745266,4.89472946593,1,0,0
4.60992596113,6.71020876182,1,0,0
5.83942232675,4.97604283877,1,0,0
6.67675413383,4.49587438243,1,0,0
5.37402244507,2.12685407202,1,0,0
5.60103829833,4.55420941009,1,0,0
4.5239472977,4.20623185094,1,0,0
5.7575115829,4.49143048011,1,0,0
5.01850782536,6.73327544487,1,0,0
4.75425500384,4.34715962339,1,0,0
4.42241895412,4.68234980716,1,0,0
6.59365683917,4.67265773917,1,0,0
4.6866473529,4.55422437267,1,0,0
5.84915768716,6.62840778015,1,0,0
4.00749055889,3.75821945461,1,0,0
5.0217488607,5.74776137572,1,0,0
7.12259832289,4.71004548946,1,0,0
6.21669368887,5.89221336264,1,0,0
4.69182381782,4.34175106558,1,0,0
4.35183920115,5.14198319739,1,0,0
6.58728716769,5.4735641032,1,0,0
2.60571087288,6.703708222,1,0,0
4.92305047723,3.58543917927,1,0,0
4.86556324059,5.016875315,1,0,0
4.90969901081,3.43516305006,1,0,0
4.54159537119,5.02812735076,1,0,0
5.54427700065,4.62667227871,1,0,0
4.58559127798,3.91822796982,1,0,0
3.39000709377,5.13248697009,1,0,0
6.77933269148,4.13819816868,1,0,0
3.50584015374,4.53263006975,1,0,0
5.98961942809,5.57398407462,1,0,0
2.97874948668,5.55581297676,1,0,0
5.31787788126,6.20652346343,1,0,0
4.92519120787,5.216099793,1,0,0
4.12622655291,4.66219485761,1,0,0
4.29274205736,5.48772523934,1,0,0
5.31411578644,5.67381733881,1,0,0
4.57499188474,4.20259464122,1,0,0
5.1744157503,3.06359272538,1,0,0
5.26300931279,5.8171909307,1,0,0
7.0141322876,3.35228576291,1,0,0
5.65601623719,5.2430981559,1,0,0
6.1701183712,6.99785979159,1,0,0
4.67780400043,5.23398879156,1,0,0
3.30001900566,5.3320066265,1,0,0
4.09908100898,5.336374821,1,0,0
4.4116146344,4.53670576707,1,0,0
4.72207177967,5.90992465789,1,0,0
4.17224618968,4.46267424219,1,0,0
5.22792081084,5.14366552775,1,0,0
5.66000563947,5.28484781566,1,0,0
5.51700855878,4.66063774587,1,0,0
4.58667421263,2.41998198117,1,0,0
5.35365852671,3.89662912664,1,0,0
4.3146416165,5.25766379036,1,0,0
3.89870866785,5.06623200737,1,0,0
6.09186020047,3.60568276265,1,0,0
5.87915796382,4.35591698443,1,0,0
4.74210903647,5.02657070072,1,0,0
4.02778127836,5.79480381911,1,0,0
3.22323040355,5.53471652046,1,0,0
2.90578675919,4.07521489258,1,0,0
4.13218683039,5.15409198804,1,0,0
5.26064603308,3.82532149512,1,0,0
5.85531401162,6.28015789834,1,0,0
5.45533096349,7.49182129882,1,0,0
5.20745362076,4.99715627217,1,0,0
5.83473264891,4.4629497686,1,0,0
4.85725852785,4.36484237344,1,0,0
5.20058177715,5.03163477105,1,0,0
5.49494619659,5.08250813661,1,0,0
6.51839846377,7.45565423666,1,0,0
2.60944862184,4.27324721929,1,0,0
4.77430433116,2.87371572587,1,0,0
4.50410088166,4.25943844605,1,0,0
4.5269910588,5.85539877515,1,0,0
5.68035793654,5.36322540289,1,0,0
4.3297911396,4.68788479093,1,0,0
7.11396472332,5.28769859831,1,0,0
5.56830097129,4.44354026526,1,0,0
3.3910792769,5.75067381213,1,0,0
5.2173842375,4.12839537129,1,0,0
5.43891327873,4.8164830202,1,0,0
6.79297152142,4.83066544879,1,0,0
5.46362005274,6.49204323071,1,0,0
4.63227076162,5.49137103741,1,0,0
5.23947885719,4.31415498371,1,0,0
5.54115076784,5.60593895393,1,0,0
5.42675130141,3.93384545985,1,0,0
4.17523013082,4.13790441062,1,0,0
3.20415481026,4.95195435826,1,0,0
4.36061232543,5.96758735721,1,0,0
6.25587677612,4.65305113883,1,0,0
6.06887901197,5.44141641128,1,0,0
5.67168400432,4.99404519708,1,0,0
3.79151403795,5.86290356381,1,0,0
5.1548824836,4.82857749518,1,0,0
4.66238457218,3.82325363968,1,0,0
5.19800895254,4.92220978408,1,0,0
5.98194062447,4.63368353517,1,0,0
5.1059162445,4.651053645,1,0,0
6.03704810002,4.75008953676,1,0,0
4.24229500972,3.8375402963,1,0,0
6.12354928631,4.14182055006,1,0,0
5.68125862088,6.50555883018,1,0,0
6.46095455208,5.26514404555,1,0,0
3.72915104661,4.07836153629,1,0,0
6.00882525355,5.10497099702,1,0,0
7.18545393987,5.68853219164,1,0,0
4.3299587613,4.76216439519,1,0,0
4.0851642309,3.8848501483,1,0,0
5.1867635069,5.80977252251,1,0,0
3.87553275013,6.37171884953,1,0,0
4.47143106227,6.22455790447,1,0,0
3.84012574282,5.48726263276,1,0,0
2.38338745166,5.27794778988,1,0,0
6.11224134993,5.21390211513,1,0,0
5.81221978735,4.9754255991,1,0,0
6.6458353806,4.69885999669,1,0,0
3.78770130684,3.58823777404,1,0,0
5.71879684695,4.66790392466,1,0,0
4.10615571553,5.59845204161,1,0,0
4.47615848272,4.32013207186,1,0,0
6.78307200253,6.19431147653,1,0,0
4.45140490495,5.16710213966,1,0,0
5.39142586263,5.78635896554,1,0,0
3.78918649946,4.03181291552,1,0,0
4.75289274805,5.89678335681,1,0,0
4.34374771917,4.64124104148,1,0,0
3.58965888285,6.45987492432,1,0,0
5.42570574379,5.03608854135,1,0,0
5.59753483056,4.96683810536,1,0,0
4.2018539084,4.46081664849,1,0,0
4.64535541595,4.51938860939,1,0,0
3.86434239508,6.0165771763,1,0,0
3.77726240519,4.9898388572,1,0,0
4.00664354816,6.08227282953,1,0,0
5.51396065005,5.32181698341,1,0,0
4.23047447265,4.72403535296,1,0,0
5.03461501962,4.74976656224,1,0,0
6.67829778029,3.64446203529,1,0,0
5.34032612216,6.0934656682,1,0,0
5.72706497195,4.33226389015,1,0,0
6.66407495181,4.5551304487,1,0,0
5.30288467141,5.47424204161,1,0,0
6.99915812534,4.68671868991,1,0,0
5.5857781931,4.05372691983,1,0,0
5.52622908681,5.73528261857,1,0,0
5.13216116977,5.52860339015,1,0,0
4.30723282695,4.50545668616,1,0,0
4.89293553354,6.32610882545,1,0,0
6.19184621883,2.73295553585,1,0,0
-2.43042519051,-2.83282365237,0,1,0
-2.21081697657,-3.08459085137,0,1,0
-1.88819341364,-3.8853523974,0,1,0
-2.26768330378,-2.79879668814,0,1,0
-1.64664758483,-2.68823303253,0,1,0
-2.09056916713,-2.37245361861,0,1,0
-1.82537571467,-2.70033544924,0,1,0
-3.20183780556,-3.20781246813,0,1,0
-1.76471777355,-2.93639101387,0,1,0
-1.44121589226,-2.88486409248,0,1,0
-2.05248977434,-3.34336997434,0,1,0
-2.46272167161,-3.40735063851,0,1,0
-1.5637018625,-3.47649581302,0,1,0
-2.22520276838,-2.62637537271,0,1,0
-3.06162905447,-2.70882176285,0,1,0
-2.3339888488,-2.98338429724,0,1,0
-2.27423039916,-4.40570768903,0,1,0
-2.0829591022,-2.25786208788,0,1,0
-2.13325758488,-2.5985657145,0,1,0
-3.04485988629,-2.45418015473,0,1,0
-2.54972158899,-3.29462755149,0,1,0
-0.633189158282,-3.44068110093,0,1,0
-2.48579874353,-3.0916715334,0,1,0
-2.20953721704,-3.41585413571,0,1,0
-2.86914364113,-3.82041352554,0,1,0
-2.1825000808,-3.63621961668,0,1,0
-1.34684407152,-2.70988722499,0,1,0
-1.66430814484,-2.07102790198,0,1,0
-1.96085651357,-3.17886888737,0,1,0
-2.82216382763,-2.97066789834,0,1,0
-1.51296878376,-2.78900221731,0,1,0
-2.30864933417,-3.79921920205,0,1,0
-2.33494412429,-3.22794315113,0,1,0
-1.89516749081,-2.91055025602,0,1,0
-1.62335153476,-3.68453087429,0,1,0
-2.40680031944,-4.06946622722,0,1,0
-1.56187804549,-2.82343819944,0,1,0
-1.70485757272,-3.46153717247,0,1,0
-2.23930903789,-2.48301602114,0,1,0
-2.52798097944,-2.28183921654,0,1,0
-2.20304325781,-2.42534418104,0,1,0
-2.12475383804,-3.59529718059,0,1,0
-1.88152365628,-2.65020117708,0,1,0
-1.87708187166,-2.06544711332,0,1,0
-2.14261666254,-3.46971548665,0,1,0
-1.75017475334,-3.98118624421,0,1,0
-2.32619762103,-2.94396124568,0,1,0
-1.63535308662,-3.47391217218,0,1,0
-1.34209532637,-2.95572383778,0,1,0
-1.04394547775,-2.35098857541,0,1,0
-1.62671563194,-3.08607641218,0,1,0
-2.6262057793,-3.00873999762,0,1,0
-1.17834113174,-3.60294239122,0,1,0
-1.77752435174,-2.19303853005,0,1,0
-2.72418996981,-3.53464829084,0,1,0
-1.63162430762,-3.16504585555,0,1,0
-1.69369784459,-3.41499582574,0,1,0
-1.99285631214,-3.20256995668,0,1,0
-1.83812978679,-3.60457114627,0,1,0
-2.72612972025,-3.10208408145,0,1,0
-2.3920412925,-3.38870150152,0,1,0
-2.2829640718,-2.38142809023,0,1,0
-3.72535567609,-2.70103990642,0,1,0
-1.2424564822,-3.31312591964,0,1,0
-2.11549140285,-3.80105222563,0,1,0
-3.02260590293,-1.84713699202,0,1,0
-1.1790090383,-3.18550945339,0,1,0
-1.2066597931,-2.70015844145,0,1,0
-2.31853277082,-3.39965471899,0,1,0
-0.729159875916,-2.95041456336,0,1,0
-2.69293652173,-3.13486104007,0,1,0
-2.20656508652,-3.66115765657,0,1,0
-1.44964918382,-2.87165946231,0,1,0
-1.81186114472,-2.99941033631,0,1,0
-1.00431657257,-2.64518563321,0,1,0
-1.61719213668,-3.03635306309,0,1,0
-2.2602627507,-2.55450039208,0,1,0
-1.45469750138,-3.17915420342,0,1,0
-2.09559925323,-2.63716389058,0,1,0
-2.76096657864,-2.38505889118,0,1,0
-2.00066526715,-3.82154892044,0,1,0
-1.85216525591,-3.15859841034,0,1,0
-2.63076131813,-3.26619263024,0,1,0
-2.09719771221,-3.2317120295,0,1,0
-1.60432264754,-2.87119403095,0,1,0
-2.54977183137,-2.74380717569,0,1,0
-2.07526099042,-3.20484019188,0,1,0
-1.07215750064,-3.31038097544,0,1,0
-2.75313535053,-2.45433058427,0,1,0
-2.6244514672,-2.20570755369,0,1,0
-2.74503058489,-3.45694263064,0,1,0
-1.32721051739,-2.67066012376,0,1,0
-1.89835028177,-3.27129816196,0,1,0
-1.69352559413,-2.40503302049,0,1,0
-2.75107277347,-3.36526016033,0,1,0
-2.28481623054,-3.3261921469,0,1,0
-0.971141827629,-3.91609152355,0,1,0
-1.93153625216,-2.90259567698,0,1,0
-2.3784227956,-2.94696636041,0,1,0
-2.62296028178,-2.40365993938,0,1,0
-2.62518794805,-3.71320196341,0,1,0
-2.1239685049,-2.55820404226,0,1,0
-2.06555665901,-2.92271193761,0,1,0
-2.22500545795,-2.81701653579,0,1,0
-1.43108845878,-3.42214353542,0,1,0
-1.27248910756,-2.7107970111,0,1,0
-1.21778948822,-2.00380416628,0,1,0
-2.59408142863,-2.3621786855,0,1,0
-2.46137413257,-2.35350989442,0,1,0
-2.10152648357,-3.05379600221,0,1,0
-2.12996632136,-2.24710944392,0,1,0
-1.8670439682,-3.27768104611,0,1,0
-2.49855684602,-3.59307353772,0,1,0
-1.58222191218,-3.44583622051,0,1,0
-1.31858944389,-2.95804018777,0,1,0
-1.43364729028,-2.76078883179,0,1,0
-1.62969704204,-3.2688508392,0,1,0
-1.69422761252,-3.91958895407,0,1,0
-2.45313935305,-3.52680734736,0,1,0
-0.519238753458,-2.82379865174,0,1,0
-1.4852733448,-3.46793825703,0,1,0
-1.68347047358,-2.99978337695,0,1,0
-1.12045113824,-2.7467803011,0,1,0
-0.929640810078,-2.62204954184,0,1,0
-1.96778115554,-3.02348303995,0,1,0
-1.88635527152,-3.6090378121,0,1,0
-1.63100865343,-3.22449712749,0,1,0
-1.79765455525,-2.70829107837,0,1,0
-2.10359787174,-1.64054218171,0,1,0
-1.88745543839,-3.31341329011,0,1,0
-1.8176806206,-3.20702544042,0,1,0
-1.99948141293,-2.68341012119,0,1,0
-3.43339786948,-2.71711484588,0,1,0
-2.56014441087,-3.56367708815,0,1,0
-1.39094081033,-2.48482619476,0,1,0
-1.97480567957,-2.71980241639,0,1,0
-2.17485284269,-3.38193708227,0,1,0
-2.43317877429,-3.40033538767,0,1,0
-2.35814444153,-2.587160982,0,1,0
-2.22701550244,-2.9218602328,0,1,0
-2.29226786353,-3.29753773827,0,1,0
-1.65374726108,-2.68624510828,0,1,0
-1.84532371359,-2.23186061827,0,1,0
-2.05070800562,-2.83137596983,0,1,0
-1.82329840987,-2.95993478153,0,1,0
-1.21425909252,-2.82903459136,0,1,0
-1.55466642625,-3.32345417051,0,1,0
-1.98082355562,-3.34316632405,0,1,0
-2.01264442818,-2.72118204832,0,1,0
-2.88208694273,-3.50787334453,0,1,0
-1.81649401909,-2.61267573062,0,1,0
-2.11001751947,-3.73787041435,0,1,0
-1.5925192412,-2.78452146764,0,1,0
-2.09228449044,-2.61534905106,0,1,0
-1.49573425383,-2.5872436143,0,1,0
-1.34296665615,-3.3274678524,0,1,0
-2.64823080907,-2.47265913943,0,1,0
-2.53871368548,-3.12151826243,0,1,0
-2.65647930886,-2.76472968129,0,1,0
-0.895576685292,-2.94390321358,0,1,0
-1.62750849164,-2.33119581643,0,1,0
-2.16990219001,-2.58711476061,0,1,0
-2.32697307982,-3.58362542347,0,1,0
-2.02826728569,-2.67616593716,0,1,0
-2.04867168555,-2.55644290197,0,1,0
-1.80158266737,-2.44915381834,0,1,0
-2.15854952331,-3.85170009019,0,1,0
-2.375728802,-1.84422886365,0,1,0
-1.93120676998,-3.33010583128,0,1,0
-1.83076797164,-2.61946731827,0,1,0
-1.40092939428,-3.19373014703,0,1,0
-2.22708701001,-2.4845962901,0,1,0
-1.36476347469,-3.11866111292,0,1,0
-1.81698693744,-3.33451951945,0,1,0
-2.76496023924,-3.21015953842,0,1,0
-1.18663533676,-3.0609399932,0,1,0
-2.59094866595,-2.33323703187,0,1,0
-2.28387741636,-3.24775338793,0,1,0
-1.58255648737,-4.11872849176,0,1,0
-2.25701806636,-2.25624150994,0,1,0
-2.55800259394,-2.84977603576,0,1,0
-1.81344674377,-2.98621516122,0,1,0
-1.26192695984,-3.74885305894,0,1,0
-1.24692289835,-3.18487611011,0,1,0
-2.16056399076,-3.49162633052,0,1,0
-1.84625992452,-2.7878911254,0,1,0
-2.20326638617,-3.24189329921,0,1,0
-2.42236463772,-3.30658139586,0,1,0
-1.49590945291,-3.21775848957,0,1,0
-1.53516934377,-3.10129085933,0,1,0
-2.19632517329,-3.67696195949,0,1,0
-3.21246495437,-2.89486582583,0,1,0
-2.45716793213,-2.47924570032,0,1,0
-2.17039990434,-3.08388371538,0,1,0
-1.60558214919,-3.62792796064,0,1,0
-0.958074534528,-2.83461364137,0,1,0
-1.4787582032,-2.74924037151,0,1,0
-2.01557859948,-1.74709744163,0,1,0
-1.84238880513,-3.28785792205,0,1,0
-2.75272197517,-2.11240029845,0,1,0
-2.16720496672,-3.39921497056,0,1,0
-1.86996978867,-3.20256105025,0,1,0
-1.66686303968,-2.92936387508,0,1,0
-1.58286645288,-3.03549098751,0,1,0
-2.38000623179,-2.90392533531,0,1,0
-2.63254824041,-2.78999240824,0,1,0
-1.27378266225,-2.58752446006,0,1,0
-1.67775392943,-3.51669671004,0,1,0
-2.20955756494,-2.16854430819,0,1,0
-1.20028659182,-2.13988184686,0,1,0
-1.95912524845,-3.49342157383,0,1,0
-0.920079366632,-2.9645254796,0,1,0
-1.77418349616,-3.65223249639,0,1,0
-1.43768007248,-3.29151761342,0,1,0
-2.4227496616,-2.763774276,0,1,0
-2.01675285759,-3.30674807847,0,1,0
-2.04067847158,-3.18912457335,0,1,0
-2.08436693384,-3.57019876773,0,1,0
-1.67090875745,-2.43127487614,0,1,0
-1.17565857894,-3.39926287337,0,1,0
-1.65312894277,-2.50643439127,0,1,0
-1.33914039264,-2.97118975133,0,1,0
-2.08405095158,-2.87769755879,0,1,0
-1.52736840042,-3.46993046917,0,1,0
-2.75975574466,-3.53032320529,0,1,0
-2.36717974275,-2.5090602533,0,1,0
-2.40340311153,-3.84856286591,0,1,0
-1.86451040144,-3.6098137645,0,1,0
-2.15494390703,-2.33016080347,0,1,0
-2.5263568287,-3.06654148343,0,1,0
-2.22052977979,-3.20345028062,0,1,0
-1.98015516705,-2.51462683287,0,1,0
-1.35056121621,-2.51195915668,0,1,0
-1.65532048085,-3.28643250799,0,1,0
-2.4135927055,-2.59172874416,0,1,0
-1.49563115572,-3.54225464559,0,1,0
-2.51715113866,-2.89631519098,0,1,0
-1.75600290044,-3.50574874539,0,1,0
-1.69637788381,-3.28841434877,0,1,0
-2.35053916388,-3.00345109796,0,1,0
-1.84355334426,-3.03842462243,0,1,0
-0.843347174186,-3.78625614973,0,1,0
-2.04985946058,-2.31061773164,0,1,0
-2.66279051409,-2.91280414532,0,1,0
-2.40445517085,-2.53019755022,0,1,0
-2.27531702269,-3.17104968492,0,1,0
-1.80573457632,-3.26865859952,0,1,0
-1.47981746376,-3.33121344658,0,1,0
-1.99940856529,-3.32811699072,0,1,0
-1.76350613359,-2.3316699728,0,1,0
-1.64039161775,-2.76304396124,0,1,0
-2.62500014208,-3.41069143121,0,1,0
-2.32612596662,-2.07235406684,0,1,0
-2.5548117852,-2.82306329621,0,1,0
-2.0704018223,-3.03198736369,0,1,0
-2.29561593693,-2.58775633685,0,1,0
-1.92179319419,-2.87374047607,0,1,0
-1.74956939852,-3.00114787698,0,1,0
-2.09296764784,-3.23572600545,0,1,0
-1.58080098871,-3.41234604529,0,1,0
-1.83591163789,-3.35702391106,0,1,0
-1.42927627269,-2.64556582752,0,1,0
-1.70932777954,-2.39505655657,0,1,0
-2.0664636329,-2.18965261849,0,1,0
-2.0872045243,-4.18503137248,0,1,0
-3.25806567239,-2.20426271226,0,1,0
-1.77841052248,-3.22348613969,0,1,0
-2.18049754727,-2.55789152409,0,1,0
-1.49014445734,-2.51959137736,0,1,0
-0.774047599964,-3.37147041225,0,1,0
-1.47907317336,-3.13573671082,0,1,0
-1.96366293214,-3.20878729992,0,1,0
-1.85630980899,-2.01867314838,0,1,0
-2.39316551677,-2.5381467649,0,1,0
-2.47822456672,-3.09982524707,0,1,0
-2.57332634649,-2.95844438012,0,1,0
-0.955222298277,-2.91466263002,0,1,0
-2.13526073409,-2.87254472187,0,1,0
-2.48427096546,-3.33112598381,0,1,0
-2.71367631438,-3.90655296255,0,1,0
-2.58740817948,-3.18037089886,0,1,0
-1.46991923938,-3.66004744502,0,1,0
-2.87060850566,-2.47154439132,0,1,0
-1.65606897914,-3.21565045202,0,1,0
-2.44601780416,-2.84501080179,0,1,0
-2.20216899973,-2.57417901811,0,1,0
-2.10967902709,-3.41508765927,0,1,0
-2.01718454713,-2.46600418016,0,1,0
-2.27240943648,-3.55970927368,0,1,0
-3.08170195012,-2.47948042952,0,1,0
-2.48489627844,-3.75307311319,0,1,0
-1.65872911577,-2.14957149235,0,1,0
-2.68507209217,-3.03254830974,0,1,0
-2.69468419718,-1.9483683626,0,1,0
-2.55589272825,-2.48025608282,0,1,0
-3.00139634445,-2.72444935821,0,1,0
-2.14380057271,-3.14294280502,0,1,0
-2.37002730295,-3.35767067269,0,1,0
-1.66744463614,-3.07037894869,0,1,0
-2.5342666023,-1.95973320867,0,1,0
-1.70733321366,-2.772152773,0,1,0
-2.74598473362,-3.37834954682,0,1,0
-2.55435372918,-3.33503971699,0,1,0
-1.58794979482,-3.60661121644,0,1,0
-1.12032020676,-2.69285224814,0,1,0
-0.880780212679,-2.66454673085,0,1,0
-2.42908184907,-2.73393151645,0,1,0
-2.75961055988,-2.43296370142,0,1,0
-2.50142918589,-3.34092355658,0,1,0
-0.864705602017,-3.07932793454,0,1,0
-2.16605673253,-1.9497441331,0,1,0
-1.50288651464,-2.70077568102,0,1,0
-2.01539530153,-3.42869573329,0,1,0
-2.09338493511,-3.28885440395,0,1,0
-2.13883116725,-3.22357999899,0,1,0
-1.54815492262,-3.32184315579,0,1,0
-1.73505520892,-2.6856152242,0,1,0
-1.47992743345,-2.73933311619,0,1,0
-1.52237605424,-1.41188428422,0,1,0
-3.00224440699,-3.06159271899,0,1,0
-1.68983771557,-2.54974885344,0,1,0
-2.01431141361,-2.71402434665,0,1,0
-2.17496399173,-2.9356690742,0,1,0
-1.39645956675,-2.21184320061,0,1,0
-2.42174702018,-3.1654843773,0,1,0
-1.94205337879,-3.60424566598,0,1,0
-1.19460484763,-3.21615425871,0,1,0
-2.43449718339,-2.49393452532,0,1,0
-1.8056084282,-4.18386005593,0,1,0
-2.05139159324,-2.62667879128,0,1,0
-1.84742503642,-3.45137954969,0,1,0
-1.76038553397,-3.42178892096,0,1,0
-2.12004377547,-3.92861213307,0,1,0
-2.09940027059,-3.22609854937,0,1,0
-1.91374734413,-2.25851248771,0,1,0
-1.74636222776,-3.34937495676,0,1,0
-2.20653838564,-2.93283925651,0,1,0
-2.16690927695,-3.09200141114,0,1,0
-2.25574602841,-2.40829596542,0,1,0
-2.66583354159,-3.05930826619,0,1,0
-1.32916873244,-3.27980355704,0,1,0
-2.14713210005,-2.61221547319,0,1,0
-2.04758436997,-2.78773630364,0,1,0
-2.70951443711,-2.46487775417,0,1,0
-2.42064893152,-2.74403666402,0,1,0
-1.33677082374,-2.27679386442,0,1,0
-2.15760848351,-3.368917946,0,1,0
-1.72738302451,-3.34662855044,0,1,0
-1.90836812498,-3.25999316008,0,1,0
-1.61398697523,-2.94292082058,0,1,0
-2.09838678294,-2.52835861633,0,1,0
-2.14538003564,-3.7075971096,0,1,0
-2.1564336581,-2.93906766761,0,1,0
-1.92017202542,-3.0200707203,0,1,0
-2.28802674813,-3.27178255305,0,1,0
-2.700210427,-3.14177190632,0,1,0
-2.33493755287,-2.83454362434,0,1,0
-0.938353686593,-3.75593919677,0,1,0
-1.77471716163,-3.19388496209,0,1,0
-1.16768437567,-2.93865176681,0,1,0
-2.55253772222,-2.75478191148,0,1,0
-2.71722768532,-3.38265991024,0,1,0
-1.73271305326,-3.37729938398,0,1,0
-2.0732838515,-2.79162535746,0,1,0
-2.56263855624,-1.80102115247,0,1,0
-2.41130509337,-2.69372102381,0,1,0
-1.68793424492,-3.00663247306,0,1,0
-1.31454343981,-3.32723782307,0,1,0
-2.15518179382,-2.24370939317,0,1,0
-1.26216650165,-2.53539310531,0,1,0
-1.94698891358,-3.49164171276,0,1,0
-2.2412235289,-3.0260296544,0,1,0
-1.71769017482,-3.13698404565,0,1,0
-2.26490271214,-2.77178320064,0,1,0
-1.91632562323,-3.09410072123,0,1,0
-2.26715422699,-2.54191116122,0,1,0
-2.20695211317,-3.33335551466,0,1,0
-3.21565101205,-3.69009719154,0,1,0
-0.953445695028,-3.10256403332,0,1,0
-0.73732970476,-3.09602518544,0,1,0
-2.93340445275,-3.28413861598,0,1,0
-1.83254712747,-3.18098049521,0,1,0
-2.20503920792,-2.85118409005,0,1,0
-1.99560214005,-2.74988217468,0,1,0
-2.85148624741,-2.37382685404,0,1,0
-2.31612877924,-2.9341984185,0,1,0
-1.51074240565,-2.58441989657,0,1,0
-1.87468499619,-2.90510164337,0,1,0
-1.05296921239,-2.8642446354,0,1,0
-2.47114151418,-3.54955471977,0,1,0
-2.00331694839,-2.83028355701,0,1,0
-2.40972401836,-2.50699584622,0,1,0
-1.68336049586,-3.18207193832,0,1,0
-2.02824322214,-3.11278672945,0,1,0
-1.9048142937,-2.70781325489,0,1,0
-1.72474954875,-4.05536117314,0,1,0
-2.31232138688,-3.89199290708,0,1,0
-1.99333168665,-3.14590222926,0,1,0
-3.14125014616,-3.44868250852,0,1,0
-2.7217443687,-2.89671787103,0,1,0
-1.83354251436,-3.79073277436,0,1,0
-2.74321253981,-3.570995034,0,1,0
-1.67004621925,-3.65550004123,0,1,0
-1.82797160089,-2.88689564502,0,1,0
-2.8230014765,-2.76606946978,0,1,0
-2.45226168506,-2.68903978452,0,1,0
-1.64927320958,-3.26433868262,0,1,0
-3.44694940151,-2.90961405331,0,1,0
-1.88618404434,-2.34417919703,0,1,0
-2.1674800154,-3.17591178278,0,1,0
-1.44147166704,-3.14468792383,0,1,0
-2.06763837137,-3.85105365749,0,1,0
-2.10367589141,-2.99757747163,0,1,0
-2.6192563738,-2.3253600561,0,1,0
-1.55979163443,-3.51542594997,0,1,0
-2.20551974315,-2.49167587812,0,1,0
-2.2064129066,-2.56764499788,0,1,0
-1.56854773428,-3.4427803253,0,1,0
-1.8927650777,-2.44290565544,0,1,0
-1.80528963615,-2.48851978934,0,1,0
-1.75216967704,-2.37824118144,0,1,0
-1.62050511293,-3.19783343298,0,1,0
-1.27885040614,-3.03310477166,0,1,0
-1.45464727898,-3.4848428045,0,1,0
-1.22134663082,-2.86699384925,0,1,0
-2.5155801015,-2.95482351357,0,1,0
-1.55948333344,-3.5085232085,0,1,0
-1.47419812472,-2.15807027964,0,1,0
-2.13839204056,-3.42721463414,0,1,0
-2.22207268413,-3.98247146677,0,1,0
-1.74657130355,-2.8625670047,0,1,0
-2.20224553501,-2.71711335968,0,1,0
-1.37285036905,-3.15276252073,0,1,0
-0.922098764369,-2.64652658529,0,1,0
-2.03440856305,-3.39311271486,0,1,0
-1.90679359221,-3.35080012589,0,1,0
-1.83307780117,-4.1086511438,0,1,0
-2.09604413618,-3.66582597209,0,1,0
-1.63136504315,-3.14184125927,0,1,0
-1.50528287105,-3.07037238908,0,1,0
-1.41583023997,-2.2511881082,0,1,0
-1.55900072016,-3.18245450928,0,1,0
-1.04100019519,-2.86235268838,0,1,0
-2.27646369323,-2.84057867082,0,1,0
-1.85941007404,-2.92899317133,0,1,0
-0.897905655649,-3.03915242184,0,1,0
-2.30182173318,-2.83471718964,0,1,0
-1.28303300976,-4.08901056858,0,1,0
-1.29710557072,-3.05495954199,0,1,0
-2.32754079986,-2.74307389843,0,1,0
-2.0428010768,-2.83152608234,0,1,0
-1.26043266075,-3.31681204727,0,1,0
-2.07102787971,-3.53824031244,0,1,0
-2.03098292815,-3.41989204457,0,1,0
-1.53414853757,-2.59924789917,0,1,0
-1.4805629876,-2.05977380784,0,1,0
-2.06938169311,-2.50799410807,0,1,0
-1.50883777327,-2.93050898962,0,1,0
-2.06599372672,-3.43625106689,0,1,0
-2.89903640178,-2.33010922177,0,1,0
-2.17047924585,-2.69705438168,0,1,0
-1.43780815842,-3.39490071175,0,1,0
-2.0323716594,-2.930864215,0,1,0
-1.96252048357,-2.4935952151,0,1,0
-1.83151107687,-3.250378682,0,1,0
-1.09362036188,-3.13265633573,0,1,0
-2.91751417642,-2.31201050082,0,1,0
-1.85770625891,-2.67905579247,0,1,0
-2.09852595566,-2.58831902634,0,1,0
-1.85482785713,-2.07710696554,0,1,0
-2.46569608541,-3.15058356263,0,1,0
-1.91688921907,-2.62406189022,0,1,0
-1.96062063752,-3.70745717111,0,1,0
-1.80872860159,-3.22528904022,0,1,0
-1.82683616123,-3.78695452522,0,1,0
-2.5029004951,-2.36053526872,0,1,0
-1.70275540544,-4.22308945331,0,1,0
-2.19216459032,-2.40409622548,0,1,0
-2.25378976162,-2.90520110785,0,1,0
-2.68839377929,-2.62919449116,0,1,0
-1.56367859407,-3.20946025681,0,1,0
-0.613100761685,-2.66500976668,0,1,0
-2.12015560743,-2.55288614687,0,1,0
-1.97556805745,-2.91690034876,0,1,0
-2.59120152798,-2.20066216169,0,1,0
-3.1875229557,-2.51076592659,0,1,0
-2.59459453334,-2.88206389604,0,1,0
-2.14663521621,-2.5682914882,0,1,0
-1.79185546059,-3.75509992182,0,1,0
-2.62554219396,-2.61345659212,0,1,0
-1.73925986242,-3.14639552113,0,1,0
-1.97929570078,-2.81976640142,0,1,0
-1.68999005774,-3.36549776106,0,1,0
-1.70993746925,-2.87736278542,0,1,0
-1.13982115363,-3.07345926842,0,1,0
-2.61588442486,-2.96117653165,0,1,0
-1.88635591704,-2.70733996573,0,1,0
-1.54318249519,-3.32500035826,0,1,0
-2.50296422244,-2.59111306148,0,1,0
-1.99242012539,-2.24981445394,0,1,0
3.49599375694,-5.55621276528,0,0,1
1.74418762242,-5.84218798823,0,0,1
2.25579753321,-5.9681772781,0,0,1
1.43984180556,-5.79591394643,0,0,1
1.70654060532,-5.97251457556,0,0,1
2.09930574047,-6.20267776318,0,0,1
1.20239495589,-6.20409178631,0,0,1
1.56794773443,-5.74747826861,0,0,1
2.47302477178,-6.19849766155,0,0,1
1.81061633613,-6.40673192243,0,0,1
2.63920077804,-6.0300519308,0,0,1
2.5285217413,-6.0985286353,0,0,1
2.25901059581,-6.17595743257,0,0,1
2.52684932079,-5.84449516762,0,0,1
1.19383546783,-6.22706432295,0,0,1
0.494887847558,-5.78070445872,0,0,1
3.10320196044,-5.4443714407,0,0,1
2.71114620326,-5.72212849212,0,0,1
3.073334004,-6.25882795808,0,0,1
1.44118604682,-6.57752887361,0,0,1
2.78108140094,-6.38650641917,0,0,1
1.74724881565,-6.59165350023,0,0,1
2.08548238365,-6.0905604402,0,0,1
1.98085138394,-5.8267952175,0,0,1
1.97454181436,-6.1272256729,0,0,1
1.27108094088,-6.4680737433,0,0,1
3.27269056083,-6.07524415989,0,0,1
2.91427016397,-6.2333645244,0,0,1
1.65210588111,-5.82265101916,0,0,1
1.65076555885,-5.63953678061,0,0,1
1.41529588475,-5.96198163536,0,0,1
2.37021531249,-5.89028312075,0,0,1
1.26494835713,-6.00250707017,0,0,1
2.45945452485,-6.05284735256,0,0,1
2.48743902461,-6.19458122597,0,0,1
3.03414275001,-5.9991377805,0,0,1
1.16883833818,-5.70052605253,0,0,1
1.93151729813,-6.0373390002,0,0,1
2.48030907461,-5.59154407229,0,0,1
0.889930792528,-6.12979041107,0,0,1
1.63076305274,-6.15633819419,0,0,1
2.06836673416,-5.69130991507,0,0,1
1.49436957751,-6.41218167741,0,0,1
3.10560333875,-5.57588065586,0,0,1
2.10212221903,-5.72933679801,0,0,1
2.03923563502,-6.31626214084,0,0,1
2.2194635652,-5.75377633432,0,0,1
0.664052600351,-6.73708041215,0,0,1
1.50230528509,-6.38448734067,0,0,1
2.81677565502,-6.19132852332,0,0,1
0.0550092234936,-6.15928054603,0,0,1
1.4175603998,-6.75729706284,0,0,1
1.38131201133,-5.77975189316,0,0,1
1.42734267636,-6.32634794942,0,0,1
3.75882301922,-6.47325227558,0,0,1
3.01440064145,-6.05191384189,0,0,1
1.23801740455,-6.00224088965,0,0,1
1.74309122814,-6.19257937203,0,0,1
1.82456967032,-5.37933883531,0,0,1
1.63457697536,-6.48017329235,0,0,1
1.32269540105,-6.51067296131,0,0,1
2.73738640729,-5.54838742865,0,0,1
3.11413512785,-5.59672469983,0,0,1
0.843311288934,-5.98372241392,0,0,1
1.1920565685,-5.44234749063,0,0,1
2.8938128407,-6.2431463642,0,0,1
0.925207468865,-5.73163706616,0,0,1
3.13423482959,-5.81770013839,0,0,1
0.899622458564,-5.79001290169,0,0,1
1.70490581709,-6.25928923482,0,0,1
2.2006318893,-6.23358562029,0,0,1
1.27803786061,-6.21157290093,0,0,1
1.68099449139,-6.120532531,0,0,1
1.44621536659,-6.00676904187,0,0,1
1.37466228225,-5.99845093194,0,0,1
1.46249581251,-6.10783791232,0,0,1
1.64188119206,-6.22366380684,0,0,1
2.35668811504,-5.66035045424,0,0,1
2.90032527848,-5.62852094671,0,0,1
2.12002980913,-5.73264469065,0,0,1
1.32982716088,-5.5155617695,0,0,1
1.84162356573,-5.7685042811,0,0,1
2.80794281121,-5.83787094095,0,0,1
2.13223734756,-5.71945581523,0,0,1
1.90703620965,-6.12867229946,0,0,1
1.18777243887,-6.11332674952,0,0,1
1.99886409317,-5.92915678378,0,0,1
1.57856939941,-6.27521152469,0,0,1
2.45229318124,-6.11582794543,0,0,1
2.60103023325,-6.51231005362,0,0,1
2.57754184132,-5.86248113088,0,0,1
2.30077932551,-5.55195976576,0,0,1
0.754505478036,-5.97551980932,0,0,1
1.81976948644,-6.23566837565,0,0,1
2.31974029568,-5.48898070053,0,0,1
2.31236078958,-5.87406065787,0,0,1
1.43754310752,-5.87680857778,0,0,1
1.08360491993,-5.99028693941,0,0,1
1.68168784889,-5.97145424408,0,0,1
2.05395636026,-5.73976627401,0,0,1
2.72635711768,-6.13844405331,0,0,1
2.10045643679,-6.19847811386,0,0,1
2.33862428434,-6.28221375134,0,0,1
2.22926487183,-6.0393716163,0,0,1
2.32291380624,-5.60105635116,0,0,1
0.369843619712,-5.96365299785,0,0,1
3.2651996106,-5.9994682166,0,0,1
2.82302181587,-6.45840656863,0,0,1
2.71984059129,-5.67892379528,0,0,1
1.65511102992,-5.80102326788,0,0,1
1.82363372376,-5.25951670545,0,0,1
1.54975128994,-5.80034568105,0,0,1
3.00585080525,-5.33916001232,0,0,1
2.38521775473,-6.11391780704,0,0,1
2.06824955005,-6.32069893616,0,0,1
1.30687603425,-6.06322755501,0,0,1
3.58642875486,-6.60477605955,0,0,1
3.849160718,-6.09694349431,0,0,1
1.93829481622,-5.8560827373,0,0,1
2.85366863754,-6.12839682749,0,0,1
2.61573782812,-5.96487838777,0,0,1
2.77131819987,-6.28065998196,0,0,1
1.77661931097,-5.3772819622,0,0,1
1.41268603817,-5.97268168322,0,0,1
1.73769376846,-6.08645598533,0,0,1
1.98441857864,-6.10357453723,0,0,1
2.11890420557,-6.29269460202,0,0,1
1.14252490309,-6.05707113589,0,0,1
3.33217632062,-6.02398819532,0,0,1
2.11373443669,-5.58404834036,0,0,1
2.11100583823,-6.36368795333,0,0,1
2.64969408558,-5.47259203512,0,0,1
2.49357566829,-6.01630820386,0,0,1
2.32491122999,-5.794010326,0,0,1
1.94096926356,-6.25908132853,0,0,1
2.32607897434,-5.94200061338,0,0,1
1.91779778067,-5.5342530401,0,0,1
2.29834827157,-5.97833002564,0,0,1
2.62108862147,-5.59863633047,0,0,1
2.49972396101,-5.60757083815,0,0,1
2.43563382775,-6.33355747619,0,0,1
2.49419885118,-5.78563880435,0,0,1
1.73248232183,-5.91444178892,0,0,1
0.942002424535,-6.05046873564,0,0,1
2.26705438338,-6.30200786418,0,0,1
2.85461130298,-6.14725902709,0,0,1
1.49541312559,-6.01506092295,0,0,1
3.07930621953,-5.87911354736,0,0,1
1.54374857537,-5.63091163816,0,0,1
2.08329371212,-6.31616716156,0,0,1
2.08569150887,-5.96377939141,0,0,1
1.42635291018,-5.88066511159,0,0,1
2.64706654785,-6.34695746179,0,0,1
2.28559230693,-6.29874407714,0,0,1
1.98814890817,-5.69701504148,0,0,1
2.28538939136,-5.91442266121,0,0,1
2.13787134367,-6.22322562444,0,0,1
2.85311869393,-5.76188053996,0,0,1
1.96692530543,-6.0058695559,0,0,1
0.361971122217,-6.65694995621,0,0,1
2.16024968268,-5.57236869857,0,0,1
2.67365929355,-6.14239103624,0,0,1
1.85734060078,-6.37923988697,0,0,1
2.93001262129,-6.16635658728,0,0,1
0.911462341193,-6.41565228202,0,0,1
3.14353741892,-6.02451244926,0,0,1
2.06594237818,-6.50727862245,0,0,1
2.06577974797,-5.94798357546,0,0,1
1.54515544602,-6.42500028183,0,0,1
1.94980609448,-6.32715646081,0,0,1
1.46618750986,-6.07436864309,0,0,1
2.00931396882,-5.90373509152,0,0,1
1.49725597408,-5.90903818269,0,0,1
2.25199880753,-6.22212030855,0,0,1
1.6593787921,-6.08500104953,0,0,1
2.84051481715,-6.35497579758,0,0,1
0.951931894959,-5.99638922958,0,0,1
1.94446138275,-5.66830332829,0,0,1
2.69105038334,-5.91740723522,0,0,1
0.517673765548,-6.0650722839,0,0,1
2.01203385368,-6.20488629751,0,0,1
1.40694513783,-5.67015477669,0,0,1
1.44512870882,-5.71476620911,0,0,1
2.49667709747,-6.4375590093,0,0,1
1.7308347042,-6.32949949092,0,0,1
1.80959922357,-6.67155687174,0,0,1
1.67138743074,-6.11428280093,0,0,1
2.42932632205,-6.27764286413,0,0,1
1.43344058117,-5.71379964772,0,0,1
2.57816716318,-5.8630192881,0,0,1
2.27818418718,-5.94706395059,0,0,1
2.36056210821,-6.46165296824,0,0,1
2.83016022181,-5.86821624684,0,0,1
2.6553659723,-5.88937114064,0,0,1
2.93277326207,-5.42853451137,0,0,1
1.28379411987,-6.28289172032,0,0,1
1.99834186673,-6.40096652251,0,0,1
1.66147806231,-6.32952190558,0,0,1
2.89341504225,-5.97130526831,0,0,1
2.623949324,-5.9721147958,0,0,1
1.36983341566,-6.01318131483,0,0,1
2.11002528433,-6.15637085374,0,0,1
2.82421229053,-5.92197823335,0,0,1
1.76253580088,-6.27597343255,0,0,1
2.42819793212,-5.92317172093,0,0,1
1.84359808597,-5.52559104369,0,0,1
1.79186451322,-5.50813161189,0,0,1
1.27764793924,-5.63192104782,0,0,1
1.80140746082,-5.90482484107,0,0,1
2.73105484919,-6.11621337993,0,0,1
2.6754627462,-5.63100359105,0,0,1
2.37804266698,-6.54371118002,0,0,1
-0.113043735492,-6.25336557712,0,0,1
1.20453019939,-6.0356272356,0,0,1
2.70391727433,-5.55405850881,0,0,1
1.96511977651,-6.49345801967,0,0,1
2.47476871212,-5.68766627054,0,0,1
1.0073545965,-5.64016965143,0,0,1
2.32961076108,-5.62538581582,0,0,1
2.58749186933,-5.67197049444,0,0,1
3.03211822801,-6.0124655592,0,0,1
0.157474421847,-5.59447883818,0,0,1
1.66404378869,-6.14905823725,0,0,1
2.49887141073,-5.79947134781,0,0,1
3.7367291326,-6.24528007043,0,0,1
1.75216286439,-6.12235468343,0,0,1
1.58975279875,-5.8734078109,0,0,1
2.67339362275,-6.16018350753,0,0,1
1.81137836086,-5.92083585213,0,0,1
1.05263259111,-6.23135470475,0,0,1
1.55898865791,-5.77091199682,0,0,1
3.1395998577,-6.51297039077,0,0,1
1.5630289214,-6.02797085674,0,0,1
1.89802939825,-6.1651911423,0,0,1
2.51622791474,-5.63961624676,0,0,1
2.44552519937,-5.33702354787,0,0,1
2.06330392777,-6.03704049969,0,0,1
1.62097166679,-6.03469991753,0,0,1
0.281924832448,-6.03008502737,0,0,1
1.26326756029,-5.64798133236,0,0,1
1.39142290849,-6.13884263771,0,0,1
1.91639552814,-6.1936733778,0,0,1
0.868021689715,-5.92200925704,0,0,1
2.21617288791,-6.23152077762,0,0,1
0.284609268119,-5.37894414535,0,0,1
2.30080820821,-6.33145387916,0,0,1
2.55792855964,-5.68500465906,0,0,1
2.99857883297,-6.10304691494,0,0,1
2.33671802641,-5.93185653221,0,0,1
1.85870920524,-6.06075440302,0,0,1
3.8164764788,-5.36473350555,0,0,1
2.4629637034,-5.91288651436,0,0,1
1.75136158729,-6.5613911708,0,0,1
2.92593207352,-5.99615142763,0,0,1
1.56184605129,-5.92886370713,0,0,1
1.34067016813,-5.75952103071,0,0,1
1.85097932355,-6.58805910869,0,0,1
2.18504372776,-6.07164900298,0,0,1
2.56417430696,-5.46686258017,0,0,1
2.88435896199,-6.05780934908,0,0,1
0.558204846451,-6.38897872471,0,0,1
2.99638382645,-6.24610957859,0,0,1
2.34991709896,-5.92950359752,0,0,1
2.78645665352,-6.10366109582,0,0,1
2.38334733127,-5.58889234248,0,0,1
0.823484199575,-6.37705249998,0,0,1
1.69939249139,-6.05183130111,0,0,1
1.13857451171,-5.67546633603,0,0,1
1.92345011955,-6.09578058498,0,0,1
2.39446318395,-5.39972270122,0,0,1
1.89364481301,-5.86872784041,0,0,1
1.95782828355,-6.21558602069,0,0,1
3.74117267701,-6.13910987429,0,0,1
1.99719718249,-6.30134530579,0,0,1
1.20434466604,-5.63417215553,0,0,1
1.62784592525,-6.24657556569,0,0,1
2.5759395115,-6.29224981474,0,0,1
2.20687069185,-6.61375511686,0,0,1
3.01050802794,-6.09392092631,0,0,1
1.94583628281,-5.66190693379,0,0,1
1.52331197519,-6.1565973806,0,0,1
1.36147405451,-6.07394354158,0,0,1
1.53423578979,-5.46487184045,0,0,1
1.42443040068,-5.96099974172,0,0,1
2.5260462034,-5.99851994681,0,0,1
3.69696337005,-5.90101413766,0,0,1
2.35366792942,-5.78064768857,0,0,1
1.90697123474,-5.78910694428,0,0,1
1.22273961189,-5.9462589862,0,0,1
0.502774958888,-6.3693097041,0,0,1
0.979051377885,-6.36648012274,0,0,1
3.00655330887,-6.37626768629,0,0,1
2.23498482868,-6.01481834885,0,0,1
1.53909065261,-6.05068727106,0,0,1
2.28403333835,-6.06650228742,0,0,1
1.78267019759,-5.75720004307,0,0,1
2.25942139606,-5.86251282965,0,0,1
1.09332200202,-5.42930177821,0,0,1
3.10901960041,-6.16644827013,0,0,1
2.79020350381,-6.38770432155,0,0,1
0.325970526656,-6.06864488826,0,0,1
2.10312700854,-5.66904839444,0,0,1
1.48059780298,-5.52799492486,0,0,1
2.87065201968,-5.83109207657,0,0,1
2.20205362847,-5.65612596394,0,0,1
1.63695978601,-6.44799033754,0,0,1
0.804763004769,-5.66216882208,0,0,1
2.58015471946,-6.46809767711,0,0,1
2.3260588641,-6.48219464066,0,0,1
1.74995518433,-5.49832684747,0,0,1
3.00415527185,-5.64202041239,0,0,1
1.56963674884,-5.6575857398,0,0,1
1.55886148707,-5.92654680435,0,0,1
2.83150007634,-6.80466158723,0,0,1
2.82364261838,-6.0985056049,0,0,1
2.17848160759,-5.9965866499,0,0,1
2.59572498128,-6.06700433348,0,0,1
1.74058750714,-6.54097768395,0,0,1
1.71083142785,-5.76505666142,0,0,1
1.77684777263,-5.77795243324,0,0,1
2.01522179911,-6.03463484901,0,0,1
2.62266065585,-5.80094547346,0,0,1
1.30763036038,-6.38537065159,0,0,1
0.984399270681,-6.24017603666,0,0,1
1.88552468129,-6.14770989365,0,0,1
0.609133679212,-5.90658201123,0,0,1
1.83509230058,-5.92590848993,0,0,1
0.579650876414,-5.63028620322,0,0,1
2.34910600183,-5.630649168,0,0,1
1.65456955785,-6.26587420612,0,0,1
2.03876347351,-5.27592096998,0,0,1
1.6968872598,-5.88851332657,0,0,1
1.24869435947,-5.45966094649,0,0,1
2.21432501491,-5.87858634379,0,0,1
2.17325988655,-6.14572300475,0,0,1
1.8458182593,-6.18499667952,0,0,1
1.21030004707,-6.20616750723,0,0,1
2.6207643212,-5.82957524466,0,0,1
2.1167359813,-5.55910943641,0,0,1
1.56587811015,-5.87793608732,0,0,1
1.17351799962,-5.47866740711,0,0,1
1.96921422781,-6.22686692102,0,0,1
2.46361966768,-6.38629565154,0,0,1
1.9178534708,-5.89451129718,0,0,1
0.921957220703,-6.09036497086,0,0,1
1.59065425621,-5.82262968703,0,0,1
2.15340868011,-6.07287032834,0,0,1
1.31098932055,-6.24450881107,0,0,1
1.42236862016,-5.90476353682,0,0,1
1.38454567878,-6.2768518351,0,0,1
2.49817908886,-5.56684217691,0,0,1
1.745432227,-5.56221496243,0,0,1
0.52009242509,-5.87010694676,0,0,1
1.62618140734,-6.12826936329,0,0,1
0.637616497494,-6.35259295771,0,0,1
2.80005234966,-6.23057072599,0,0,1
3.01601473276,-5.6717079068,0,0,1
2.73446038752,-6.00244810695,0,0,1
1.47038231617,-5.83344461524,0,0,1
0.750596329792,-5.75584597618,0,0,1
2.11215356477,-6.23001145898,0,0,1
2.64077092779,-6.07072720888,0,0,1
2.55356841055,-5.41217526184,0,0,1
1.49619506876,-6.07890804455,0,0,1
1.88280026046,-6.05192220031,0,0,1
2.53480858736,-6.61395851523,0,0,1
1.97711307269,-5.79398880041,0,0,1
2.58129822289,-5.86941998149,0,0,1
3.0044260355,-5.96633479853,0,0,1
2.06091331275,-5.73718913512,0,0,1
2.1354723708,-6.48091293525,0,0,1
2.7062247541,-6.18547081812,0,0,1
2.06384373588,-5.86233788925,0,0,1
1.19641064781,-5.6083211667,0,0,1
0.877272010964,-5.40129012665,0,0,1
2.92242698842,-6.06646964059,0,0,1
1.07884946096,-5.8372823265,0,0,1
1.72915713637,-6.16440720118,0,0,1
1.11493182314,-6.03770281413,0,0,1
1.80751595865,-5.86001010016,0,0,1
2.33185389849,-5.69815715158,0,0,1
3.21346839326,-5.95607303822,0,0,1
2.50921566644,-5.68509777248,0,0,1
1.95891263953,-6.09383075437,0,0,1
3.09512954783,-5.92925293186,0,0,1
1.88700361048,-5.86564519362,0,0,1
1.34210090131,-6.03199602127,0,0,1
1.71456868028,-5.85840847362,0,0,1
1.91001007856,-6.10804573319,0,0,1
2.61440703567,-6.17697122027,0,0,1
1.91754701564,-5.61842496161,0,0,1
2.07451458813,-5.87229075966,0,0,1
0.189994602338,-5.94673913527,0,0,1
1.64325460613,-6.10593576091,0,0,1
2.05054575079,-6.22299564355,0,0,1
2.65364683329,-6.18215332366,0,0,1
2.0708680216,-5.8223708064,0,0,1
1.52286971758,-6.11644219081,0,0,1
1.61508702694,-6.32592464717,0,0,1
1.90647730502,-6.10762767406,0,0,1
2.83227515691,-6.10823915085,0,0,1
2.52486091868,-5.94862053665,0,0,1
2.62639258244,-6.05870394246,0,0,1
2.21633450349,-6.31615298247,0,0,1
2.86990590088,-6.2656599125,0,0,1
1.90797698248,-5.79173047219,0,0,1
1.30382360389,-6.40561306308,0,0,1
1.70697743756,-5.95355999067,0,0,1
2.2395006569,-6.15164212973,0,0,1
1.03665268833,-5.81101108069,0,0,1
2.47641534468,-5.54877124693,0,0,1
1.53452060993,-6.30181250573,0,0,1
1.86666384072,-6.05990970847,0,0,1
1.18691528401,-5.83166626631,0,0,1
2.45371491828,-5.89251926326,0,0,1
3.0163966924,-6.81949641126,0,0,1
1.95409057351,-6.34215216804,0,0,1
2.9555883377,-6.4895900807,0,0,1
2.06470998664,-6.21904832815,0,0,1
1.03192989811,-6.53872981391,0,0,1
2.04422391683,-5.65041649492,0,0,1
2.68234732068,-5.91698900132,0,0,1
0.152920443222,-5.98657714063,0,0,1
3.84635104482,-5.64178223214,0,0,1
3.00628500234,-5.81738446064,0,0,1
0.807094771667,-5.9653511355,0,0,1
3.27308769236,-6.01134181852,0,0,1
2.52691712834,-5.43175352717,0,0,1
2.45682453845,-6.26875619254,0,0,1
2.28526670499,-6.07484234598,0,0,1
1.81789785962,-5.58318875445,0,0,1
2.58793504275,-6.26295802907,0,0,1
1.39456451296,-6.52206882216,0,0,1
2.21349095656,-5.94313305376,0,0,1
1.48754753346,-6.04115487433,0,0,1
2.10342107209,-5.83065962277,0,0,1
1.89297105854,-5.814974885,0,0,1
2.20264378709,-5.38952563632,0,0,1
1.28197764151,-6.25463816999,0,0,1
2.19639847405,-5.88090773236,0,0,1
1.86533530823,-6.35248342616,0,0,1
1.55889286042,-6.03542965107,0,0,1
2.07030679937,-5.88694834125,0,0,1
0.895167739666,-6.00715064245,0,0,1
0.853931569124,-5.99301087948,0,0,1
2.07294234123,-5.46214709078,0,0,1
2.503395541,-6.09278666154,0,0,1
0.943623352812,-5.69931624648,0,0,1
1.08122858543,-5.57659649293,0,0,1
1.59122642836,-6.22317137444,0,0,1
1.33817878854,-6.30892145711,0,0,1
1.04031923497,-5.95346904913,0,0,1
2.44515396739,-6.18994433769,0,0,1
1.44661059775,-5.4136985601,0,0,1
1.48202154592,-6.40431174132,0,0,1
0.612406208515,-6.25106282714,0,0,1
1.57304789469,-5.86401281144,0,0,1
3.2706917156,-6.3198192029,0,0,1
3.09160388597,-5.91381507885,0,0,1
1.53274241985,-5.51959221945,0,0,1
3.00406136857,-5.66295945075,0,0,1
2.59166546767,-5.73656492696,0,0,1
1.98005951532,-5.7767202886,0,0,1
2.81156083645,-5.58660426227,0,0,1
1.68795846471,-6.43808822748,0,0,1
1.71242503896,-6.13078161102,0,0,1
1.18307928359,-5.92442790796,0,0,1
0.96884783869,-5.68622865051,0,0,1
2.57882725475,-6.47337199158,0,0,1
0.967797547458,-5.40735244253,0,0,1
2.66608442207,-5.90277229251,0,0,1
2.14557382603,-6.05515801066,0,0,1
3.12143043213,-5.5483116718,0,0,1
2.11115685862,-6.0538776529,0,0,1
1.97778109327,-6.6259247925,0,0,1
2.00184416491,-6.21755000939,0,0,1
2.26923700221,-5.54882204647,0,0,1
3.18373711489,-5.68293033145,0,0,1
2.69722211435,-6.20513276053,0,0,1
1.28208634458,-5.70394479232,0,0,1
3.50172584902,-6.35078812747,0,0,1
2.09047616511,-5.71398407364,0,0,1
2.40894237981,-5.81551013622,0,0,1
0.996576585062,-6.05132188099,0,0,1
2.21373113511,-6.03540979323,0,0,1
2.37508514063,-5.7030993201,0,0,1
2.58098713423,-6.00336543318,0,0,1
2.30628539448,-6.14778149595,0,0,1
1.75196298473,-6.55159575052,0,0,1
2.34710637495,-6.00976795992,0,0,1
1.62041233065,-5.89951816482,0,0,1
2.21809798946,-6.1404641106,0,0,1
2.35141656357,-5.86527868457,0,0,1
0.798285837557,-5.97386480086,0,0,1
1.54195830925,-5.40023659649,0,0,1
1.56961855752,-6.35220201824,0,0,1
1.03146358836,-5.86005516136,0,0,1
1.31693283956,-5.7592250728,0,0,1
1.92675641502,-5.78950161389,0,0,1
1.97559572347,-5.9860594262,0,0,1
